<?xml version="1.0" encoding="UTF-8"?>
<project-private xmlns="http://www.netbeans.org/ns/project-private/1">
    <editor-bookmarks xmlns="http://www.netbeans.org/ns/editor-bookmarks/2" lastBookmarkId="0"/>
    <open-files xmlns="http://www.netbeans.org/ns/projectui-open-files/2">
        <group>
            <file>file:/C:/Users/Xxfir/java%20source/Cinema/src/cinema/Scene2Controller.java</file>
            <file>file:/C:/Users/Xxfir/java%20source/Cinema/src/cinema/scene1.fxml</file>
            <file>file:/C:/Users/Xxfir/java%20source/Cinema/src/cinema/log.txt</file>
            <file>file:/C:/Users/Xxfir/java%20source/Cinema/src/cinema/scene3.fxml</file>
            <file>file:/C:/Users/Xxfir/java%20source/Cinema/src/cinema/Scene1Controller.java</file>
            <file>file:/C:/Users/Xxfir/java%20source/Cinema/src/cinema/Scene3Controller.java</file>
            <file>file:/C:/Users/Xxfir/java%20source/Cinema/src/cinema/scene2.fxml</file>
            <file>file:/C:/Users/Xxfir/java%20source/Cinema/src/cinema/Cinema.java</file>
        </group>
    </open-files>
</project-private>
